# File generated at 2025-05-21 22:26:22 CST
# Generated by StructureSelector
# http://lmme.qdio.ac.cn/StructureSelector/
# https://lmme.ac.cn/StructureSelector/        
# Contact: Yulong Li <liyulong12@mails.ucas.ac.cn>
# Citation: Li YL, Liu JX (2018) StructureSelector: A web based software to select and visualize the optimal number of 
# clusters using multiple methods.Molecular Ecology Resources, 18:176–177.
#
# Puechmaille Method:
# Citation:
# Puechmaille SJ (2016) The program structure does not reliably recover the correct population structure 
# when sampling is uneven: subsampling and new estimators alleviate the problem. Molecular Ecology Resources, 16: 608-627.
K	MedMed	MedMean	MaxMed	MaxMean	Reps
1	1	1	1	1	5
2	2	2	2	2	6
3	3	3	3	3	5
4	4	4	4	4	5
5	5	5	5	5	5
6	5	5	6	6	5
7	6	6	7	7	5
8	6	6	7	7	5
9	7	7	7	7	5
10	7	7	7	7	10
11	7	7	7	7	10
12	7	7	7	7	10
13	7	7	7	7	11
14	7	7	7	7	10
15	7	7	7	7	10
16	7	7	7	7	5
17	7	7	7	7	4
18	7	7	7	7	5
19	7	7	7	7	5
20	7	6	7	7	5
	MedMedK	MedMeaK	MaxMedK	MaxMeaK
ALL	7	7	7	7
